delegacao,nome,nascimento,idade_em_11_10_2026,categoria,modulo,competicao,sigla,prova,tipo,categoria_disputa,situacao,papel,dupla,observacao,sugestao,texto_original
Embaixada Pastor José Saraiva,Nathan Martins da Costa,2010-11-30,15,Juvenil,Bíblico,Sempre Embaixador – Biografia do WAH,SER,,escrita,Juvenil,OK,Titular,,,,BWAH
Embaixada Pastor José Saraiva,Nathan Martins da Costa,2010-11-30,15,Juvenil,Bíblico,Esgrima Bíblica,EB,,não escrita,Juvenil,OK,Titular,,,,Esgrima
Embaixada Pastor José Saraiva,Nathan Martins da Costa,2010-11-30,15,Juvenil,Esportivo,Jogos Coletivos,,Futsal,coletiva,Juvenil,OK,Titular,,,,Futsal
Embaixada Pastor José Saraiva,Nathan Martins da Costa,2010-11-30,15,Juvenil,Esportivo,Jogos Coletivos,,Vôlei,coletiva,Única (Adolescente e Juvenil),OK,Titular,,,,Vôlei
Embaixada Pastor José Saraiva,Nathan Martins da Costa,2010-11-30,15,Juvenil,Esportivo,Jogos de Salão,,Tênis de Mesa,jogo de salão,Juvenil,OK,Titular,,,,Tênis de Mesa
Embaixada Pastor José Saraiva,Nathan Martins da Costa,2010-11-30,15,Juvenil,Esportivo,Atletismo,,100 metros,individual,Juvenil,OK,Titular,,,,Atletismo 100 metros
Embaixada Pastor José Saraiva,Arthur Silva Félix Nascimento,2009-11-10,16,Juvenil,Bíblico,Montagem Bíblica,MB,,escrita,Juvenil,OK,Titular,,,,Montagem
Embaixada Pastor José Saraiva,Arthur Silva Félix Nascimento,2009-11-10,16,Juvenil,Bíblico,Pregador do Evangelho,PRE,,não escrita,Juvenil,OK,Titular,,,,Pregador
Embaixada Pastor José Saraiva,Arthur Silva Félix Nascimento,2009-11-10,16,Juvenil,Esportivo,Jogos de Salão,,Xadrez,jogo de salão,Juvenil,OK,Titular,,,,Xadrez
Embaixada Pastor José Saraiva,Arthur Silva Félix Nascimento,2009-11-10,16,Juvenil,Esportivo,Jogos Coletivos,,Futsal,coletiva,Juvenil,OK,Titular,,,,Futsal
Embaixada Pastor José Saraiva,Arthur Silva Félix Nascimento,2009-11-10,16,Juvenil,Esportivo,Jogos Coletivos,,Vôlei,coletiva,Única (Adolescente e Juvenil),OK,Titular,,,,Vôlei
Embaixada Pastor José Saraiva,Arthur Silva Félix Nascimento,2009-11-10,16,Juvenil,Esportivo,Atletismo,,Salto em Distância,individual,Juvenil,OK,Titular,,,,salto em distância atletismo
Embaixada Pastor José Saraiva,João Victor Martins Alcântara,2011-05-09,15,Juvenil,Esportivo,Jogos Coletivos,,Futsal,coletiva,Juvenil,OK,Titular,,,,Futsal
Embaixada Pastor José Saraiva,João Victor Martins Alcântara,2011-05-09,15,Juvenil,Esportivo,Jogos de Salão,,Dominó,jogo de salão,Juvenil,OK,Titular,Juvenil · Dupla 1,,,Dominó
Embaixada Pastor José Saraiva,João Victor Martins Alcântara,2011-05-09,15,Juvenil,Esportivo,Jogos Coletivos,,Vôlei,coletiva,Única (Adolescente e Juvenil),OK,Titular,,,,Vôlei
Embaixada Pastor José Saraiva,João Victor Martins Alcântara,2011-05-09,15,Juvenil,Esportivo,Atletismo,,Revezamento 4x100 metros,coletiva (revezamento),Única (Adolescente e Juvenil),OK,Titular,,,,Atletismo Revezamento
Embaixada Pastor José Saraiva,João Victor Martins Alcântara,2011-05-09,15,Juvenil,Bíblico,Debate de Versículos com Referência Bíblica,VRB,,não escrita,Juvenil,OK,Titular,,,,Debate
Embaixada Pastor José Saraiva,João Victor Martins Alcântara,2011-05-09,15,Juvenil,Bíblico,Biografia de Jesus,BJ,,escrita,Juvenil,OK,Titular,,,,BJ
Embaixada Pastor José Saraiva,Samuel Ricardo Maciel Morais,2015-02-02,11,Júnior,Bíblico,Biografia de Jesus,BJ,,escrita,Júnior,OK,Titular,,,,BJ
Embaixada Pastor José Saraiva,Samuel Ricardo Maciel Morais,2015-02-02,11,Júnior,Esportivo,Jogos Coletivos,,Vôlei,coletiva,Única (Adolescente e Juvenil),REMOVIDO,Removido,,,,Vôlei
Embaixada Pastor José Saraiva,Samuel Ricardo Maciel Morais,2015-02-02,11,Júnior,Esportivo,Jogos Coletivos,,Futsal,coletiva,Júnior,ATENÇÃO,Titular,,"Futsal Júnior: 4 ER (exige 5 a 10, art. 40 §1º)",,Futsal
Embaixada Pastor José Saraiva,Samuel Ricardo Maciel Morais,2015-02-02,11,Júnior,Bíblico,Pregador do Evangelho,PRE,,não escrita,Adolescente,OK,Titular,,Júnior competindo na categoria Adolescente (art. 19),,Pregador
Embaixada Pastor José Saraiva,Samuel Ricardo Maciel Morais,2015-02-02,11,Júnior,Esportivo,Jogos de Salão,,Dominó,jogo de salão,Júnior,OK,Titular,Júnior · Dupla 1,,,Dominó ou dama
Embaixada Pastor José Saraiva,Samuel Ricardo Maciel Morais,2015-02-02,11,Júnior,Esportivo,Atletismo,,50 metros,individual,Júnior,OK,Titular,,,,50 metros atletismo
Embaixada Pastor José Saraiva,Matheus Barão dos Santos,2011-05-19,15,Juvenil,Esportivo,Jogos Coletivos,,Futsal,coletiva,Juvenil,OK,Titular,,,,Futsal
Embaixada Pastor José Saraiva,Matheus Barão dos Santos,2011-05-19,15,Juvenil,Esportivo,Jogos Coletivos,,Vôlei,coletiva,Única (Adolescente e Juvenil),OK,Titular,,,,Vôlei
Embaixada Pastor José Saraiva,Matheus Barão dos Santos,2011-05-19,15,Juvenil,Bíblico,Debate de Versículos com Referência Bíblica,VRB,,não escrita,Juvenil,OK,Titular,,,,Debate
Embaixada Pastor José Saraiva,Matheus Barão dos Santos,2011-05-19,15,Juvenil,Esportivo,Atletismo,,1500 metros,individual,Única (Adolescente e Juvenil),OK,Titular,,,,1500 metros atletismo
Embaixada Pastor José Saraiva,Matheus Barão dos Santos,2011-05-19,15,Juvenil,Bíblico,Conhecimentos Gerais da Bíblia,CGB,,escrita,Juvenil,OK,Titular,,,,CGB
Embaixada Pastor José Saraiva,Davi Lucas de Oliveira Souza,2012-12-20,13,Adolescente,Esportivo,Atletismo,,100 metros,individual,Adolescente,OK,Titular,,,,atletismo 100 metros
Embaixada Pastor José Saraiva,Davi Lucas de Oliveira Souza,2012-12-20,13,Adolescente,Bíblico,Esgrima Bíblica,EB,,não escrita,Adolescente,OK,Titular,,,,Esgrima
Embaixada Pastor José Saraiva,Davi Lucas de Oliveira Souza,2012-12-20,13,Adolescente,Esportivo,Jogos Coletivos,,Futsal,coletiva,Adolescente,OK,Titular,,,,Futsal
Embaixada Pastor José Saraiva,Davi Lucas de Oliveira Souza,2012-12-20,13,Adolescente,Bíblico,Biografia de Jesus,BJ,,escrita,Adolescente,OK,Titular,,,,BJ
Embaixada Pastor José Saraiva,Davi Lucas de Oliveira Souza,2012-12-20,13,Adolescente,Esportivo,Natação,,100 metros nado livre,individual,Única (Adolescente e Juvenil),OK,Titular,,,,Natação 100 metros
Embaixada Pastor José Saraiva,Davi Lucas de Oliveira Souza,2012-12-20,13,Adolescente,Esportivo,Jogos Coletivos,,Vôlei,coletiva,Única (Adolescente e Juvenil),OK,Titular,,,,Vôlei
Embaixada Pastor José Saraiva,Davi Lucas de Oliveira Souza,2012-12-20,13,Adolescente,Esportivo,Jogos de Salão,,Dominó,jogo de salão,Adolescente,OK,Titular,Adolescente · Dupla 1,,,dominó
Embaixada Pastor José Saraiva,Antônio Márcio Rodrigues Gomes Junior,2009-10-10,17,Juvenil,Esportivo,Jogos Coletivos,,Futsal,coletiva,Juvenil,OK,Titular,,,,Futsal
Embaixada Pastor José Saraiva,Antônio Márcio Rodrigues Gomes Junior,2009-10-10,17,Juvenil,Esportivo,Jogos de Salão,,Damas,jogo de salão,Juvenil,OK,Titular,,,,Dama
Embaixada Pastor José Saraiva,Antônio Márcio Rodrigues Gomes Junior,2009-10-10,17,Juvenil,Esportivo,Jogos Coletivos,,Vôlei,coletiva,Única (Adolescente e Juvenil),OK,Titular,,,,Vôlei
Embaixada Pastor José Saraiva,Antônio Márcio Rodrigues Gomes Junior,2009-10-10,17,Juvenil,Bíblico,Esgrima Bíblica,EB,,não escrita,Juvenil,OK,Titular,,,,Esgrima
Embaixada Pastor José Saraiva,Antônio Márcio Rodrigues Gomes Junior,2009-10-10,17,Juvenil,Bíblico,Biografia de Jesus,BJ,,escrita,Juvenil,OK,Titular,,,,BJ
Embaixada Pastor José Saraiva,Antônio Márcio Rodrigues Gomes Junior,2009-10-10,17,Juvenil,Esportivo,Atletismo,,Revezamento 4x100 metros,coletiva (revezamento),Única (Adolescente e Juvenil),OK,Titular,,,,Atletismo Revezamento
Embaixada Pastor José Saraiva,Antônio Márcio Rodrigues Gomes Junior,2009-10-10,17,Juvenil,Esportivo,Natação,,Revezamento 4x25 metros nado livre,coletiva (revezamento),Única (Adolescente e Juvenil),OK,Titular,,,,Sabe nadar
Embaixada Pastor José Saraiva,Pedro Luan Souza da Silva,2010-05-23,16,Juvenil,Bíblico,Conhecimentos Gerais da Organização ER,CGO,,escrita,Juvenil,OK,Titular,,,,CGO
Embaixada Pastor José Saraiva,Pedro Luan Souza da Silva,2010-05-23,16,Juvenil,Esportivo,Jogos de Salão,,Dominó,jogo de salão,Juvenil,OK,Titular,Juvenil · Dupla 1,,,Dominó
Embaixada Pastor José Saraiva,Pedro Luan Souza da Silva,2010-05-23,16,Juvenil,Esportivo,Atletismo,,Revezamento 4x100 metros,coletiva (revezamento),Única (Adolescente e Juvenil),OK,Titular,,,,Revezamento Atletismo
Embaixada Pastor José Saraiva,Pedro Luan Souza da Silva,2010-05-23,16,Juvenil,Esportivo,Natação,,100 metros nado livre,individual,Única (Adolescente e Juvenil),OK,Titular,,,,Natação Nado livre
Embaixada Pastor José Saraiva,Pedro Luan Souza da Silva,2010-05-23,16,Juvenil,Esportivo,Jogos Coletivos,,Futsal,coletiva,Juvenil,OK,Titular,,,,Futsal
Embaixada Pastor José Saraiva,Pedro Luan Souza da Silva,2010-05-23,16,Juvenil,Esportivo,Jogos Coletivos,,Vôlei,coletiva,Única (Adolescente e Juvenil),OK,Titular,,,,Vôlei
Embaixada Pastor José Saraiva,Francisco Levy Araújo de Sousa,2010-08-12,16,Juvenil,Esportivo,Jogos Coletivos,,Futsal,coletiva,Juvenil,OK,Titular,,,,Futsal
Embaixada Pastor José Saraiva,Francisco Levy Araújo de Sousa,2010-08-12,16,Juvenil,Esportivo,Jogos Coletivos,,Vôlei,coletiva,Única (Adolescente e Juvenil),OK,Titular,,,,Vôlei
Embaixada Pastor José Saraiva,Francisco Levy Araújo de Sousa,2010-08-12,16,Juvenil,Bíblico,Conhecimentos Gerais da Organização ER,CGO,,escrita,Juvenil,OK,Titular,,,,CGO
Embaixada Pastor José Saraiva,Francisco Levy Araújo de Sousa,2010-08-12,16,Juvenil,Bíblico,Pregador do Evangelho,PRE,,não escrita,Juvenil,SUPLENTE,Suplente,,,,Pregador
Embaixada Pastor José Saraiva,Francisco Levy Araújo de Sousa,2010-08-12,16,Juvenil,Esportivo,Atletismo,,Revezamento 4x100 metros,coletiva (revezamento),Única (Adolescente e Juvenil),OK,Titular,,,,Revezamento Atletismo
