delegacao,nome,nascimento,idade_em_11_10_2026,categoria,modulo,competicao,sigla,prova,tipo,categoria_disputa,situacao,papel,observacao,sugestao,texto_original
Embaixada Pastor José Saraiva,Nathan Martins da Costa,2010-11-30,15,Juvenil,Bíblico,Sempre Embaixador – Biografia do WAH,SER,,escrita,Juvenil,OK,Titular,,,BWAH
Embaixada Pastor José Saraiva,Nathan Martins da Costa,2010-11-30,15,Juvenil,Bíblico,Esgrima Bíblica,EB,,não escrita,Juvenil,OK,Titular,,,Esgrima
Embaixada Pastor José Saraiva,Nathan Martins da Costa,2010-11-30,15,Juvenil,Esportivo,Jogos Coletivos,,Futsal,coletiva,Juvenil,OK,Titular,,,Futsal
Embaixada Pastor José Saraiva,Nathan Martins da Costa,2010-11-30,15,Juvenil,Esportivo,Jogos Coletivos,,Vôlei,coletiva,Única (Adolescente e Juvenil),OK,Titular,,,Vôlei
Embaixada Pastor José Saraiva,Nathan Martins da Costa,2010-11-30,15,Juvenil,Esportivo,Jogos de Salão,,Tênis de Mesa,jogo de salão,Juvenil,OK,Titular,,,Tênis de Mesa
Embaixada Pastor José Saraiva,Nathan Martins da Costa,2010-11-30,15,Juvenil,Esportivo,Atletismo,,100 metros,individual,Juvenil,OK,Titular,,,Atletismo 100 metros
Embaixada Pastor José Saraiva,Arthur Silva Félix Nascimento,2009-11-10,16,Juvenil,Bíblico,Montagem Bíblica,MB,,escrita,Juvenil,OK,Titular,,,Montagem
Embaixada Pastor José Saraiva,Arthur Silva Félix Nascimento,2009-11-10,16,Juvenil,Bíblico,Pregador do Evangelho,PRE,,não escrita,Juvenil,OK,Titular,,,Pregador
Embaixada Pastor José Saraiva,Arthur Silva Félix Nascimento,2009-11-10,16,Juvenil,Esportivo,Jogos de Salão,,Xadrez,jogo de salão,Juvenil,OK,Titular,,,Xadrez
Embaixada Pastor José Saraiva,Arthur Silva Félix Nascimento,2009-11-10,16,Juvenil,Esportivo,Jogos Coletivos,,Futsal,coletiva,Juvenil,OK,Titular,,,Futsal
Embaixada Pastor José Saraiva,Arthur Silva Félix Nascimento,2009-11-10,16,Juvenil,Esportivo,Jogos Coletivos,,Vôlei,coletiva,Única (Adolescente e Juvenil),OK,Titular,,,Vôlei
Embaixada Pastor José Saraiva,Arthur Silva Félix Nascimento,2009-11-10,16,Juvenil,Esportivo,Atletismo,,Salto em Distância,individual,Juvenil,OK,Titular,,,salto em distância atletismo
Embaixada Pastor José Saraiva,João Victor Martins Alcântara,2011-05-09,15,Juvenil,Esportivo,Jogos Coletivos,,Futsal,coletiva,Juvenil,OK,Titular,,,Futsal
Embaixada Pastor José Saraiva,João Victor Martins Alcântara,2011-05-09,15,Juvenil,Esportivo,Jogos de Salão,,Dominó,jogo de salão,Juvenil,OK,Titular,,,Dominó
Embaixada Pastor José Saraiva,João Victor Martins Alcântara,2011-05-09,15,Juvenil,Esportivo,Jogos Coletivos,,Vôlei,coletiva,Única (Adolescente e Juvenil),OK,Titular,,,Vôlei
Embaixada Pastor José Saraiva,João Victor Martins Alcântara,2011-05-09,15,Juvenil,Esportivo,Atletismo,,Revezamento 4x100 metros,coletiva (revezamento),Única (Adolescente e Juvenil),OK,Titular,,,Atletismo Revezamento
Embaixada Pastor José Saraiva,João Victor Martins Alcântara,2011-05-09,15,Juvenil,Bíblico,Debate de Versículos com Referência Bíblica,VRB,,não escrita,Juvenil,OK,Titular,,,Debate
Embaixada Pastor José Saraiva,João Victor Martins Alcântara,2011-05-09,15,Juvenil,Bíblico,Biografia de Jesus,BJ,,escrita,Juvenil,OK,Titular,,,BJ
Embaixada Pastor José Saraiva,João Victor Martins Alcântara,2011-05-09,15,Juvenil,Esportivo,Natação,,"A definir (50 m costas, 100 m livre ou revezamento 4x25 m)",individual,Única (Adolescente e Juvenil),PENDENTE,Em aberto,"Prova de natação não informada; em aberto até receber as demais delegações; 100 m livre é categoria única (art. 33 III): limite de 2 no total, já ocupado por Davi e Pedro",50 m costas (única Adol/Juv; sem competidor),Natação
Embaixada Pastor José Saraiva,Samuel Ricardo Maciel Morais,2015-02-02,11,Júnior,Bíblico,Biografia de Jesus,BJ,,escrita,Júnior,OK,Titular,,,BJ
Embaixada Pastor José Saraiva,Samuel Ricardo Maciel Morais,2015-02-02,11,Júnior,Esportivo,Jogos Coletivos,,Vôlei,coletiva,Única (Adolescente e Juvenil),REMOVIDO,Removido,,,Vôlei
Embaixada Pastor José Saraiva,Samuel Ricardo Maciel Morais,2015-02-02,11,Júnior,Esportivo,Jogos Coletivos,,Futsal,coletiva,Júnior,ATENÇÃO,Titular,"Futsal Júnior: 4 ER (exige 5 a 10, art. 40 §1º)",,Futsal
Embaixada Pastor José Saraiva,Samuel Ricardo Maciel Morais,2015-02-02,11,Júnior,Bíblico,Pregador do Evangelho,PRE,,não escrita,Adolescente,OK,Titular,Júnior competindo na categoria Adolescente (art. 19),,Pregador
Embaixada Pastor José Saraiva,Samuel Ricardo Maciel Morais,2015-02-02,11,Júnior,Esportivo,Natação,,50 metros nado livre,individual,Júnior,SUPLENTE,Suplente,,,Natação Nado livre
Embaixada Pastor José Saraiva,Samuel Ricardo Maciel Morais,2015-02-02,11,Júnior,Esportivo,Jogos de Salão,,A definir (Dominó ou Damas),jogo de salão,Júnior,PENDENTE,Em aberto,Só 1 jogo de salão por ER (art. 13); em aberto até receber as demais delegações,Dominó Júnior em dupla com o Afonso,Dominó ou dama
Embaixada Pastor José Saraiva,Samuel Ricardo Maciel Morais,2015-02-02,11,Júnior,Esportivo,Atletismo,,50 metros,individual,Júnior,OK,Titular,,,50 metros atletismo
Embaixada Pastor José Saraiva,Matheus Barão dos Santos,2011-05-19,15,Juvenil,Esportivo,Jogos Coletivos,,Futsal,coletiva,Juvenil,OK,Titular,,,Futsal
Embaixada Pastor José Saraiva,Matheus Barão dos Santos,2011-05-19,15,Juvenil,Esportivo,Jogos Coletivos,,Vôlei,coletiva,Única (Adolescente e Juvenil),OK,Titular,,,Vôlei
Embaixada Pastor José Saraiva,Matheus Barão dos Santos,2011-05-19,15,Juvenil,Esportivo,Jogos de Salão,,Damas,jogo de salão,Juvenil,OK,Titular,,,Dama
Embaixada Pastor José Saraiva,Matheus Barão dos Santos,2011-05-19,15,Juvenil,Bíblico,Debate de Versículos com Referência Bíblica,VRB,,não escrita,Juvenil,OK,Titular,,,Debate
Embaixada Pastor José Saraiva,Matheus Barão dos Santos,2011-05-19,15,Juvenil,Esportivo,Atletismo,,1500 metros,individual,Única (Adolescente e Juvenil),OK,Titular,,,1500 metros atletismo
Embaixada Pastor José Saraiva,Matheus Barão dos Santos,2011-05-19,15,Juvenil,Bíblico,Conhecimentos Gerais da Bíblia,CGB,,escrita,Juvenil,OK,Titular,,,CGB
Embaixada Pastor José Saraiva,Davi Lucas de Oliveira Souza,2012-12-20,13,Adolescente,Esportivo,Atletismo,,100 metros,individual,Adolescente,OK,Titular,,,atletismo 100 metros
Embaixada Pastor José Saraiva,Davi Lucas de Oliveira Souza,2012-12-20,13,Adolescente,Bíblico,Esgrima Bíblica,EB,,não escrita,Adolescente,OK,Titular,,,Esgrima
Embaixada Pastor José Saraiva,Davi Lucas de Oliveira Souza,2012-12-20,13,Adolescente,Esportivo,Jogos Coletivos,,Futsal,coletiva,Adolescente,OK,Titular,,,Futsal
Embaixada Pastor José Saraiva,Davi Lucas de Oliveira Souza,2012-12-20,13,Adolescente,Bíblico,Biografia de Jesus,BJ,,escrita,Adolescente,OK,Titular,,,BJ
Embaixada Pastor José Saraiva,Davi Lucas de Oliveira Souza,2012-12-20,13,Adolescente,Esportivo,Natação,,100 metros nado livre,individual,Única (Adolescente e Juvenil),OK,Titular,,,Natação 100 metros
Embaixada Pastor José Saraiva,Davi Lucas de Oliveira Souza,2012-12-20,13,Adolescente,Esportivo,Jogos Coletivos,,Vôlei,coletiva,Única (Adolescente e Juvenil),OK,Titular,,,Vôlei
Embaixada Pastor José Saraiva,Davi Lucas de Oliveira Souza,2012-12-20,13,Adolescente,Esportivo,Jogos de Salão,,Damas,jogo de salão,Adolescente,OK,Titular,,,dama
Embaixada Pastor José Saraiva,Antônio Márcio Rodrigues Gomes Junior,2009-10-10,17,Juvenil,Esportivo,Jogos Coletivos,,Futsal,coletiva,Juvenil,OK,Titular,,,Futsal
Embaixada Pastor José Saraiva,Antônio Márcio Rodrigues Gomes Junior,2009-10-10,17,Juvenil,Esportivo,Jogos de Salão,,Damas,jogo de salão,Juvenil,OK,Titular,,,Dama
Embaixada Pastor José Saraiva,Antônio Márcio Rodrigues Gomes Junior,2009-10-10,17,Juvenil,Esportivo,Jogos Coletivos,,Vôlei,coletiva,Única (Adolescente e Juvenil),OK,Titular,,,Vôlei
Embaixada Pastor José Saraiva,Antônio Márcio Rodrigues Gomes Junior,2009-10-10,17,Juvenil,Bíblico,Esgrima Bíblica,EB,,não escrita,Juvenil,OK,Titular,,,Esgrima
Embaixada Pastor José Saraiva,Antônio Márcio Rodrigues Gomes Junior,2009-10-10,17,Juvenil,Bíblico,Biografia de Jesus,BJ,,escrita,Juvenil,OK,Titular,,,BJ
Embaixada Pastor José Saraiva,Antônio Márcio Rodrigues Gomes Junior,2009-10-10,17,Juvenil,Esportivo,Atletismo,,Revezamento 4x100 metros,coletiva (revezamento),Única (Adolescente e Juvenil),OK,Titular,,,Atletismo Revezamento
Embaixada Pastor José Saraiva,Antônio Márcio Rodrigues Gomes Junior,2009-10-10,17,Juvenil,Esportivo,Natação,,"A definir (50 m costas, 100 m livre ou revezamento 4x25 m)",individual,Única (Adolescente e Juvenil),PENDENTE,Em aberto,"Prova de natação não informada; em aberto até receber as demais delegações; 100 m livre é categoria única (art. 33 III): limite de 2 no total, já ocupado por Davi e Pedro",50 m costas (única Adol/Juv; sem competidor),Sabe nadar
Embaixada Pastor José Saraiva,Pedro Luan Souza da Silva,2010-05-23,16,Juvenil,Bíblico,Conhecimentos Gerais da Organização ER,CGO,,escrita,Juvenil,OK,Titular,,,CGO
Embaixada Pastor José Saraiva,Pedro Luan Souza da Silva,2010-05-23,16,Juvenil,Esportivo,Jogos de Salão,,Dominó,jogo de salão,Juvenil,OK,Titular,,,Dominó
Embaixada Pastor José Saraiva,Pedro Luan Souza da Silva,2010-05-23,16,Juvenil,Esportivo,Atletismo,,Revezamento 4x100 metros,coletiva (revezamento),Única (Adolescente e Juvenil),OK,Titular,,,Revezamento Atletismo
Embaixada Pastor José Saraiva,Pedro Luan Souza da Silva,2010-05-23,16,Juvenil,Esportivo,Natação,,100 metros nado livre,individual,Única (Adolescente e Juvenil),OK,Titular,,,Natação Nado livre
Embaixada Pastor José Saraiva,Pedro Luan Souza da Silva,2010-05-23,16,Juvenil,Esportivo,Jogos Coletivos,,Futsal,coletiva,Juvenil,OK,Titular,,,Futsal
Embaixada Pastor José Saraiva,Pedro Luan Souza da Silva,2010-05-23,16,Juvenil,Esportivo,Jogos Coletivos,,Vôlei,coletiva,Única (Adolescente e Juvenil),OK,Titular,,,Vôlei
Embaixada Pastor José Saraiva,Francisco Levy Araújo de Sousa,2010-08-12,16,Juvenil,Esportivo,Jogos Coletivos,,Futsal,coletiva,Juvenil,OK,Titular,,,Futsal
Embaixada Pastor José Saraiva,Francisco Levy Araújo de Sousa,2010-08-12,16,Juvenil,Esportivo,Jogos de Salão,,Tênis de Mesa,jogo de salão,Juvenil,OK,Titular,,,Tênis de Mesa
Embaixada Pastor José Saraiva,Francisco Levy Araújo de Sousa,2010-08-12,16,Juvenil,Esportivo,Jogos Coletivos,,Vôlei,coletiva,Única (Adolescente e Juvenil),OK,Titular,,,Vôlei
Embaixada Pastor José Saraiva,Francisco Levy Araújo de Sousa,2010-08-12,16,Juvenil,Bíblico,Conhecimentos Gerais da Organização ER,CGO,,escrita,Juvenil,OK,Titular,,,CGO
Embaixada Pastor José Saraiva,Francisco Levy Araújo de Sousa,2010-08-12,16,Juvenil,Bíblico,Pregador do Evangelho,PRE,,não escrita,Juvenil,SUPLENTE,Suplente,,,Pregador
Embaixada Pastor José Saraiva,Francisco Levy Araújo de Sousa,2010-08-12,16,Juvenil,Esportivo,Atletismo,,Revezamento 4x100 metros,coletiva (revezamento),Única (Adolescente e Juvenil),OK,Titular,,,Revezamento Atletismo
Embaixada Waldemiro Tymchak,Francisco Rai Martins da Silva,2013-04-17,13,Adolescente,Esportivo,Jogos de Salão,,Tênis de Mesa,jogo de salão,Adolescente,OK,Titular,,,tênis de mesa
Embaixada Waldemiro Tymchak,Francisco Rai Martins da Silva,2013-04-17,13,Adolescente,Bíblico,Biografia de Jesus,BJ,,escrita,Adolescente,OK,Titular,,,bj
Embaixada Waldemiro Tymchak,Francisco Rai Martins da Silva,2013-04-17,13,Adolescente,Esportivo,Jogos Coletivos,,Futsal,coletiva,Adolescente,OK,Titular,,,futsal
Embaixada Waldemiro Tymchak,Francisco Rai Martins da Silva,2013-04-17,13,Adolescente,Esportivo,Atletismo,,Salto em Distância,individual,Adolescente,OK,Titular,,,atletismo
Embaixada Waldemiro Tymchak,Francisco Rodrigo Martins da Silva,2014-05-28,12,Adolescente,Esportivo,Jogos de Salão,,Dominó,jogo de salão,Adolescente,OK,Titular,,,dominó
Embaixada Waldemiro Tymchak,Francisco Rodrigo Martins da Silva,2014-05-28,12,Adolescente,Esportivo,Jogos Coletivos,,Futsal,coletiva,Adolescente,OK,Titular,,,futsal
Embaixada Waldemiro Tymchak,Francisco Rodrigo Martins da Silva,2014-05-28,12,Adolescente,Esportivo,Natação,,"A definir (50 m costas, 100 m livre ou revezamento 4x25 m)",individual,Única (Adolescente e Juvenil),PENDENTE,Em aberto,"Prova de natação não informada; em aberto até receber as demais delegações; 100 m livre é categoria única (art. 33 III): limite de 2 no total, já ocupado por Davi e Pedro","Revezamento 4x25 m com Davi da Silva, Guilherme e Josue Kaleby",natação
Embaixada Jeff Brawner,Davi da Silva,2009-08-17,17,Juvenil,Bíblico,Conhecimentos Gerais da Bíblia,CGB,,escrita,Juvenil,OK,Titular,,,cgb
Embaixada Jeff Brawner,Davi da Silva,2009-08-17,17,Juvenil,Bíblico,Esgrima Bíblica,EB,,não escrita,Juvenil,SUPLENTE,Suplente,,,esgrima
Embaixada Jeff Brawner,Davi da Silva,2009-08-17,17,Juvenil,Esportivo,Natação,,100 metros nado livre,individual,Única (Adolescente e Juvenil),SUPLENTE,Suplente,,,natação 100 metros nado livre
Embaixada Jeff Brawner,Davi da Silva,2009-08-17,17,Juvenil,Esportivo,Natação,,Revezamento 4x25 metros nado livre,coletiva (revezamento),Única (Adolescente e Juvenil),OK,Titular,,,natação revezamento 4x25
Embaixada Jeff Brawner,Davi da Silva,2009-08-17,17,Juvenil,Esportivo,Jogos de Salão,,Damas,jogo de salão,Juvenil,SUPLENTE,Suplente,,,dama
Embaixada Jeff Brawner,Davi da Silva,2009-08-17,17,Juvenil,Esportivo,Jogos Coletivos,,Futsal,coletiva,Juvenil,OK,Titular,,,futsal
Embaixada Jeff Brawner,Davi da Silva,2009-08-17,17,Juvenil,Esportivo,Jogos Coletivos,,Vôlei,coletiva,Única (Adolescente e Juvenil),OK,Titular,,,vôlei
Embaixada Jeff Brawner,Josué Barbosa Ferreira,2010-06-23,16,Juvenil,Bíblico,Esgrima Bíblica,EB,,não escrita,Juvenil,SUPLENTE,Suplente,,,esgrima
Embaixada Jeff Brawner,Josué Barbosa Ferreira,2010-06-23,16,Juvenil,Esportivo,Jogos de Salão,,Damas,jogo de salão,Juvenil,SUPLENTE,Suplente,,Xadrez Juvenil (1 vaga; só o Arthur),dama
Embaixada Jeff Brawner,Josué Barbosa Ferreira,2010-06-23,16,Juvenil,Esportivo,Jogos de Salão,,Dominó,jogo de salão,Juvenil,SUPLENTE,Suplente,,,dominó
Embaixada Jeff Brawner,Josué Barbosa Ferreira,2010-06-23,16,Juvenil,Esportivo,Jogos de Salão,,Tênis de Mesa,jogo de salão,Juvenil,SUPLENTE,Suplente,,,tênis de mesa
Embaixada Jeff Brawner,Josué Barbosa Ferreira,2010-06-23,16,Juvenil,Esportivo,Jogos Coletivos,,Vôlei,coletiva,Única (Adolescente e Juvenil),OK,Titular,,,vôlei
Embaixada Jeff Brawner,Bruno Cezar Dias Silva,2011-04-25,15,Juvenil,Bíblico,Conhecimentos Gerais da Organização ER,CGO,,escrita,Juvenil,SUPLENTE,Suplente,,,cgo
Embaixada Jeff Brawner,Bruno Cezar Dias Silva,2011-04-25,15,Juvenil,Bíblico,Pregador do Evangelho,PRE,,não escrita,Juvenil,OK,Titular,,,pregador
Embaixada Jeff Brawner,Bruno Cezar Dias Silva,2011-04-25,15,Juvenil,Esportivo,Jogos de Salão,,Damas,jogo de salão,Juvenil,SUPLENTE,Suplente,,,dama
Embaixada Jeff Brawner,Bruno Cezar Dias Silva,2011-04-25,15,Juvenil,Esportivo,Jogos de Salão,,Dominó,jogo de salão,Juvenil,SUPLENTE,Suplente,,,dominó
Embaixada Jeff Brawner,Bruno Cezar Dias Silva,2011-04-25,15,Juvenil,Esportivo,Jogos de Salão,,Tênis de Mesa,jogo de salão,Juvenil,SUPLENTE,Suplente,,,tênis de mesa
Embaixada Jeff Brawner,Bruno Cezar Dias Silva,2011-04-25,15,Juvenil,Esportivo,Jogos Coletivos,,Futsal,coletiva,Juvenil,OK,Titular,,,futsal
Embaixada Jeff Brawner,Bruno Cezar Dias Silva,2011-04-25,15,Juvenil,Esportivo,Jogos Coletivos,,Vôlei,coletiva,Única (Adolescente e Juvenil),OK,Titular,,,vôlei
Embaixada Jeff Brawner,Guilherme da Silva de Paiva,2011-09-14,15,Juvenil,Bíblico,Esgrima Bíblica,EB,,não escrita,Juvenil,SUPLENTE,Suplente,,,esgrima
Embaixada Jeff Brawner,Guilherme da Silva de Paiva,2011-09-14,15,Juvenil,Esportivo,Atletismo,,100 metros,individual,Juvenil,OK,Titular,,,atletismo 100 metros
Embaixada Jeff Brawner,Guilherme da Silva de Paiva,2011-09-14,15,Juvenil,Esportivo,Natação,,100 metros nado livre,individual,Única (Adolescente e Juvenil),SUPLENTE,Suplente,,"Revezamento 4x25 m (completa a equipe: Rodrigo, Davi da Silva, Guilherme, Josue Kaleby)",natação 100 metros livre
Embaixada Jeff Brawner,Guilherme da Silva de Paiva,2011-09-14,15,Juvenil,Esportivo,Jogos de Salão,,Tênis de Mesa,jogo de salão,Juvenil,SUPLENTE,Suplente,,,tênis de mesa
Embaixada Jeff Brawner,Guilherme da Silva de Paiva,2011-09-14,15,Juvenil,Esportivo,Jogos Coletivos,,Vôlei,coletiva,Única (Adolescente e Juvenil),OK,Titular,,,vôlei
Embaixada Jeff Brawner,Guilherme da Silva de Paiva,2011-09-14,15,Juvenil,Esportivo,Jogos Coletivos,,Futsal,coletiva,Juvenil,OK,Titular,,,futsal
Embaixada Jeff Brawner,Josue Kaleby da Silva Cruz,2011-11-23,14,Adolescente,Bíblico,Esgrima Bíblica,EB,,não escrita,Adolescente,OK,Titular,,,esgrima
Embaixada Jeff Brawner,Josue Kaleby da Silva Cruz,2011-11-23,14,Adolescente,Esportivo,Natação,,100 metros nado livre,individual,Única (Adolescente e Juvenil),SUPLENTE,Suplente,,"Revezamento 4x25 m (completa a equipe: Rodrigo, Davi da Silva, Guilherme, Josue Kaleby)",natação 100 metros nado livre
Embaixada Jeff Brawner,Josue Kaleby da Silva Cruz,2011-11-23,14,Adolescente,Esportivo,Jogos de Salão,,Tênis de Mesa,jogo de salão,Adolescente,OK,Titular,,,tênis de mesa
Embaixada Jeff Brawner,Josue Kaleby da Silva Cruz,2011-11-23,14,Adolescente,Esportivo,Jogos de Salão,,Damas,jogo de salão,Adolescente,DESCARTADO,Descartado,,,dama
Embaixada Jeff Brawner,Josue Kaleby da Silva Cruz,2011-11-23,14,Adolescente,Esportivo,Jogos Coletivos,,Futsal,coletiva,Adolescente,OK,Titular,,,futsal
Embaixada Jeff Brawner,Antônio Gabriel Oliveira Magalhães,2012-09-15,14,Adolescente,Bíblico,Conhecimentos Gerais da Organização ER,CGO,,escrita,Adolescente,OK,Titular,,,cgo
Embaixada Jeff Brawner,Antônio Gabriel Oliveira Magalhães,2012-09-15,14,Adolescente,Esportivo,Atletismo,,100 metros,individual,Adolescente,OK,Titular,,,atletismo 100 metros
Embaixada Jeff Brawner,Antônio Gabriel Oliveira Magalhães,2012-09-15,14,Adolescente,Esportivo,Natação,,"A definir (50 m livre só existe no Júnior; Adolescente: 50 m costas, 100 m livre ou revezamento)",individual,Única (Adolescente e Juvenil),SUPLENTE,Suplente,Prova informada (50 m livre) não existe para Adolescente (art. 33),,natação 50 metros livre
Embaixada Jeff Brawner,Antônio Gabriel Oliveira Magalhães,2012-09-15,14,Adolescente,Esportivo,Jogos de Salão,,Dominó,jogo de salão,Adolescente,OK,Titular,,,dominó
Embaixada Jeff Brawner,Antônio Gabriel Oliveira Magalhães,2012-09-15,14,Adolescente,Esportivo,Jogos de Salão,,Damas,jogo de salão,Adolescente,DESCARTADO,Descartado,,,dama
Embaixada Jeff Brawner,Antônio Gabriel Oliveira Magalhães,2012-09-15,14,Adolescente,Esportivo,Jogos Coletivos,,Futsal,coletiva,Adolescente,OK,Titular,,,futsal
Embaixada Jeff Brawner,Afonso Daniel de Lima Alves,2014-12-25,11,Júnior,Esportivo,Natação,,50 metros nado livre,individual,Júnior,OK,Titular,,,natação 50 metros nado livre
Embaixada Jeff Brawner,Afonso Daniel de Lima Alves,2014-12-25,11,Júnior,Esportivo,Jogos de Salão,,Damas,jogo de salão,Júnior,DESCARTADO,Descartado,,,dama
Embaixada Jeff Brawner,Afonso Daniel de Lima Alves,2014-12-25,11,Júnior,Esportivo,Jogos de Salão,,Dominó,jogo de salão,Júnior,OK,Titular,,,dominó
Embaixada Jeff Brawner,Afonso Daniel de Lima Alves,2014-12-25,11,Júnior,Esportivo,Jogos Coletivos,,Futsal,coletiva,Júnior,ATENÇÃO,Titular,"Futsal Júnior: 4 ER (exige 5 a 10, art. 40 §1º)",,futsal
Embaixada Jeff Brawner,João Miguel Barbosa Ferreira,2015-10-16,10,Júnior,Bíblico,Esgrima Bíblica,EB,,não escrita,Júnior,OK,Titular,,,esgrima
Embaixada Jeff Brawner,João Miguel Barbosa Ferreira,2015-10-16,10,Júnior,Esportivo,Natação,,50 metros nado livre,individual,Júnior,OK,Titular,,,natação 50 metros nado livre
Embaixada Jeff Brawner,João Miguel Barbosa Ferreira,2015-10-16,10,Júnior,Esportivo,Jogos de Salão,,Damas,jogo de salão,Júnior,OK,Titular,,,dama
Embaixada Jeff Brawner,João Miguel Barbosa Ferreira,2015-10-16,10,Júnior,Esportivo,Jogos de Salão,,Dominó,jogo de salão,Júnior,DESCARTADO,Descartado,,,dominó
Embaixada Jeff Brawner,João Miguel Barbosa Ferreira,2015-10-16,10,Júnior,Esportivo,Jogos Coletivos,,Futsal,coletiva,Júnior,ATENÇÃO,Titular,"Futsal Júnior: 4 ER (exige 5 a 10, art. 40 §1º)",,futsal
Embaixada Jeff Brawner,Davi Barroso de Sousa Melo,2016-01-21,10,Júnior,Bíblico,Conhecimentos Gerais da Bíblia,CGB,,escrita,Júnior,OK,Titular,,,cgb
Embaixada Jeff Brawner,Davi Barroso de Sousa Melo,2016-01-21,10,Júnior,Bíblico,Pregador do Evangelho,PRE,,não escrita,Júnior,OK,Titular,,,pregador
Embaixada Jeff Brawner,Davi Barroso de Sousa Melo,2016-01-21,10,Júnior,Esportivo,Jogos de Salão,,Damas,jogo de salão,Júnior,OK,Titular,,,dama
Embaixada Jeff Brawner,Davi Barroso de Sousa Melo,2016-01-21,10,Júnior,Esportivo,Jogos de Salão,,Dominó,jogo de salão,Júnior,DESCARTADO,Descartado,,,dominó
Embaixada Jeff Brawner,Davi Barroso de Sousa Melo,2016-01-21,10,Júnior,Esportivo,Jogos Coletivos,,Futsal,coletiva,Júnior,ATENÇÃO,Titular,"Futsal Júnior: 4 ER (exige 5 a 10, art. 40 §1º)",,futsal
Embaixada Jeff Brawner,Josué Barbosa Ferreira,2010-06-23,16,Juvenil,Bíblico,Montagem Bíblica,MB,,escrita,Juvenil,OK,Titular,"Inscrição nova, não constava na lista original (proposta da poda)",,
Embaixada Jeff Brawner,Guilherme da Silva de Paiva,2011-09-14,15,Juvenil,Bíblico,Sempre Embaixador – Biografia do WAH,SER,,escrita,Juvenil,OK,Titular,"Inscrição nova, não constava na lista original (proposta da poda)",,
Embaixada Jeff Brawner,Afonso Daniel de Lima Alves,2014-12-25,11,Júnior,Bíblico,Conhecimentos Gerais da Organização ER,CGO,,escrita,Júnior,OK,Titular,"Inscrição nova, não constava na lista original (proposta da poda)",,
Embaixada Jeff Brawner,Antônio Gabriel Oliveira Magalhães,2012-09-15,14,Adolescente,Bíblico,Debate de Versículos com Referência Bíblica,VRB,,não escrita,Adolescente,OK,Titular,"Inscrição nova, não constava na lista original (proposta da poda)",,
Embaixada Jeff Brawner,Josue Kaleby da Silva Cruz,2011-11-23,14,Adolescente,Bíblico,Conhecimentos Gerais da Bíblia,CGB,,escrita,Adolescente,OK,Titular,"Inscrição nova, não constava na lista original (proposta da poda)",,
Embaixada Jeff Brawner,João Miguel Barbosa Ferreira,2015-10-16,10,Júnior,Bíblico,Montagem Bíblica,MB,,escrita,Júnior,OK,Titular,"Inscrição nova, não constava na lista original (proposta da poda)",,
Embaixada Jeff Brawner,Afonso Daniel de Lima Alves,2014-12-25,11,Júnior,Bíblico,Debate de Versículos com Referência Bíblica,VRB,,não escrita,Júnior,OK,Titular,"Inscrição nova, não constava na lista original (proposta da poda)",,
Embaixada Jeff Brawner,João Miguel Barbosa Ferreira,2015-10-16,10,Júnior,Esportivo,Atletismo,,Salto em Distância,individual,Júnior,OK,Titular,"Inscrição nova, não constava na lista original (proposta da poda)",,
Embaixada Jeff Brawner,Afonso Daniel de Lima Alves,2014-12-25,11,Júnior,Esportivo,Atletismo,,Salto em Distância,individual,Júnior,OK,Titular,"Inscrição nova, não constava na lista original (proposta da poda)",,
Embaixada Jeff Brawner,Davi Barroso de Sousa Melo,2016-01-21,10,Júnior,Esportivo,Atletismo,,50 metros,individual,Júnior,OK,Titular,"Inscrição nova, não constava na lista original (proposta da poda)",,
Embaixada Jeff Brawner,Josue Kaleby da Silva Cruz,2011-11-23,14,Adolescente,Esportivo,Atletismo,,Salto em Distância,individual,Adolescente,OK,Titular,"Inscrição nova, não constava na lista original (proposta da poda)",,
Embaixada Jeff Brawner,Bruno Cezar Dias Silva,2011-04-25,15,Juvenil,Esportivo,Atletismo,,Salto em Distância,individual,Juvenil,OK,Titular,"Inscrição nova, não constava na lista original (proposta da poda)",,
Embaixada Jeff Brawner,Davi da Silva,2009-08-17,17,Juvenil,Esportivo,Atletismo,,1500 metros,individual,Única (Adolescente e Juvenil),OK,Titular,"Inscrição nova, não constava na lista original (proposta da poda)",,
